user_id,total_volume,total_pnl
3005,298.57,-11863.6226
3003,285.98,69146.69129999999
3004,283.57,-200.456900000004
